Total time (s),Time o1,Time o2,α1,y1,α2,y2,α3,y3,O1,O2
20.46500015258789,20.46500015258789,0.0,2.505841668734959,3.7064744613838996,1.8010947016359236,1.140290235629986,-2.490894215912318,6.861476286937532,1.2611342078786676,37.49777876443218
20.575000047683716,20.575000047683716,0.0,-2.9811234113045697,12.418223144519255,0.9788930273273113,3.8206477294109824,1.7722155601962637,9.004056688533202,1.2999722372272577,43.83172038151059
20.08400011062622,20.08400011062622,0.0,2.7688299206969234,10.478462270822057,2.3304635805263825,3.3093464311106233,0.04768604600860504,5.578571480815009,1.4210849288252712,46.87429750646996
19.92900013923645,19.92900013923645,0.0,-2.4932835113920886,5.200083865303862,-1.0779120762232117,2.2340777527332056,-0.9170743730154203,1.4710784558248506,1.324625330019865,29.776647888289727
20.38599991798401,20.38599991798401,0.0,-1.211506528123465,8.751502857736302,1.9524077634905357,11.393047695836392,-0.5523757889173737,10.779586241586056,1.2202550865690658,45.96001062647535
20.878999948501587,20.878999948501587,0.0,-0.8712284251955968,7.32772860810224,3.129467014075587,5.3829782010341685,2.2798556173830224,6.298220062425515,1.2585022522660716,46.606542954143336
20.54700016975403,20.54700016975403,0.0,0.008014120176857542,4.028590641571447,-1.0309731606584775,9.756214342674122,0.720011911677183,4.0753934020769735,1.2213593446245814,34.80732080349663
20.483999967575073,20.483999967575073,0.0,0.5812907236107376,9.252442856488326,0.1669341225587142,8.316553013239048,3.0296867179249194,5.763465979531552,1.3199353967836283,43.32041074469903
20.490000009536743,20.490000009536743,0.0,-1.495571812584706,9.402288177700125,-1.3437089273831235,8.596374961638476,0.7658544972885437,5.99001287951675,1.1567972441550078,37.72121526145983
20.691999912261963,20.691999912261963,0.0,-1.8828783797707251,10.233830124062496,-1.5151969582772724,10.106563117458006,-2.984409305281779,4.642771727666969,1.2462240009046877,30.00141913040489
20.620999813079834,20.620999813079834,0.0,1.3888457128574654,4.699485207794993,1.2931584042089348,8.708404350160885,-0.0960943987707501,11.3054430064347,1.1715670090973165,32.23371851538994
21.698999881744385,21.698999881744385,0.0,0.9599851225072751,6.743434074803097,2.105069972567435,7.519643934950971,1.915247252801275,0.7239737149563632,1.2525231280547067,28.907078387662704
21.30999994277954,21.30999994277954,0.0,0.5074448812569008,1.7632156951135949,1.2411773961423513,11.759127865447475,-0.3829861714437133,7.698489538957448,1.3148753163849543,37.83550554817386
21.426000118255615,21.426000118255615,0.0,1.092653614258058,4.484376508417984,-0.8758071772224709,11.896058680269814,0.5818789509057045,9.121065144151663,1.1057387831474097,38.69511897660848
20.799000024795532,20.799000024795532,0.0,2.9920473103471013,3.42166639932148,-0.018128368961820573,1.9375555394570823,0.16571454482033765,0.0681451483623268,1.4471716186561927,42.666764852767265
21.01699995994568,21.01699995994568,0.0,-2.3616823566291636,7.626895965935652,0.3379103596856923,1.2741650655283479,1.6963505086723982,11.714882584358756,1.388244311648215,55.25411535147833
21.055000066757202,21.055000066757202,0.0,-1.3671763310795106,8.367660448044848,-0.3812219625500508,5.8073575469596594,-1.6049490631699865,6.585313182183996,1.2581523258996108,24.28648708614164
21.490999937057495,21.490999937057495,0.0,2.616279246994087,2.8620234819479227,0.6159281248629944,1.6330629913274022,-2.2701385671058656,0.2747789378117145,1.4280554025349197,49.876857507125514
21.426000118255615,21.426000118255615,0.0,-0.0424705311055904,6.155070237077933,1.6585635530327778,4.0726732740296425,-2.054345193620967,11.596547989579568,1.3389781640581744,53.53582148740735
21.956000089645386,21.956000089645386,0.0,2.371632605308929,2.5052577066184214,2.8216990481489654,7.226010262296674,-3.1357120196514594,6.280410480674076,1.3230186650475966,18.32958181016157
20.382000207901,20.38100004196167,0.0010001659393310547,-2.683613418675906,8.51225909464999,-1.4997799168411288,5.2376712900534645,1.0414298973071894,10.336818528324804,1.0826892995574693,50.6456312352104
20.700999975204468,20.700999975204468,0.0,3.0531974886444573,12.194463152929085,1.8228794453279882,6.484735461596152,0.32749734894326066,5.443721883878117,1.3462284670793374,47.21640716375272
20.82099986076355,20.82099986076355,0.0,2.64998402612943,7.088910890791043,-2.6552505078266395,9.597833113568136,-2.813644251122025,1.9383599905713618,1.3289524324023312,27.03272629713202
21.092999935150146,21.092999935150146,0.0,2.5216629707774683,5.577140999471694,1.0790809064870883,11.518026582433944,-1.1437369400048027,4.7756183903828795,1.1049418600710423,52.96887938244595
21.182999849319458,21.182999849319458,0.0,-0.9781201033835267,0.7791715715858295,0.745780900672429,11.144505757015914,2.6960631663551995,11.486378342267539,1.20797386760312,57.00912808305316
21.3510000705719,21.3510000705719,0.0,-2.5634095564834687,7.815623638207373,-1.2299353816930807,4.195925713206478,0.6664499329816769,5.225823788774925,1.1948059434659215,49.31481695526104
20.925999879837036,20.925999879837036,0.0,2.729852555949905,12.11918484971339,-1.1635962811312979,3.5794660118035244,-1.975879089300535,12.235717594317185,1.276255014889676,46.37953049413207
20.507999897003174,20.507999897003174,0.0,-1.1815922085703103,8.18750162959857,1.7277204574167406,0.7298072244508046,-0.8468064396615316,0.14056687244888538,1.2747744084985384,49.13909589306042
21.02999997138977,21.02999997138977,0.0,-0.3386710978078584,7.483399013922492,-2.466330732345616,0.4789712323382399,1.5609610582185196,11.973953680752054,1.3064955985365516,57.12681768544165
21.153000116348267,21.153000116348267,0.0,-2.706526382021761,11.48540076184641,-0.6419006761319466,11.639792911036057,-0.03929178147226642,2.527094622537219,1.3392555596216387,49.450482591812005
20.980000019073486,20.980000019073486,0.0,-1.9022073812836697,6.5149716701908265,-0.1609741880432214,0.9037275565652537,0.5465151646897319,3.0344022323144935,1.3827369206214735,42.670917014515915
21.323999881744385,21.323999881744385,0.0,-1.1203582599157857,4.185272948678535,-0.5016613964683923,5.522232018184986,2.708822971415392,1.853189484777144,1.2977512157178805,45.529426951459634
21.358999967575073,21.358999967575073,0.0,2.2037818189165135,10.057570837441045,-0.605464957112666,8.449364831842944,-2.730371296612723,6.958705919182537,1.2943607864054703,50.19353642007813
21.019999980926514,21.019999980926514,0.0,-1.6949618113747527,9.92295490626593,2.5861968254149605,7.321560113909462,-2.201766395457699,9.32410545330623,1.2634380177246822,35.83416004628598
22.186000108718872,22.186000108718872,0.0,-0.403534129017181,0.9376338793984625,-0.06884215937922855,10.757979782502417,-1.074522411371793,9.728336060137645,1.3229926848730047,31.046555091873646
20.365000009536743,20.365000009536743,0.0,2.186312703462473,5.853150254096077,0.7682625979837523,1.4297737668675887,0.44397907572248574,10.903615537781725,1.3521050222849185,39.87510287470136
20.44099998474121,20.44099998474121,0.0,2.0397522272487407,2.0324564660064026,0.4588497769577504,1.6758726246626185,-1.8484713111785307,7.158628142127626,1.3472228744235089,52.62238022254517
21.014000177383423,21.014000177383423,0.0,-2.185256128104814,9.154413468120225,2.234014906590893,2.691011945863431,-1.2991267591102293,3.813802837668203,1.2313696745387879,47.05938733153856
20.61400008201599,20.61300015449524,0.0009999275207519531,0.31198752981030875,2.688539992905642,-2.924436013609995,10.571060463033275,-0.6077063919037218,11.85000805737844,1.3154003435165063,52.60011912809921
20.216000080108643,20.216000080108643,0.0,-1.9886611852821217,5.740638856607137,-0.3352799033292517,9.917239828446702,-0.16534227993184825,10.02167458051067,1.2980614267165675,33.3754776804065
20.418999910354614,20.418999910354614,0.0,1.7696326756938134,10.61139965407336,1.5220234771927128,8.197319037430677,-1.388084786038335,9.434811962427055,1.0967749078248399,43.3922517819359
20.682999849319458,20.682999849319458,0.0,2.2668422611191126,10.963326589376216,2.167130899548251,0.8328713662109811,-1.7857361690482538,5.3871260291201155,1.2793068520170943,47.91888761975909
20.5939998626709,20.5939998626709,0.0,-0.6670857612642669,5.368461502031972,-1.6960805530423344,3.960036326624659,2.5615018099227544,8.226769285399278,1.2942526487814796,47.62135003970991
20.66700005531311,20.66700005531311,0.0,1.6144991546494438,6.252686291566074,0.29181017414192567,3.15464590856347,2.9538843606502923,8.691839460462583,1.3293500074441607,45.52204897631263
20.63700008392334,20.63700008392334,0.0,-0.7167467376988217,3.090136988000841,-0.274499876739418,3.68986898043049,1.488348339657052,8.439150563266764,1.2309393877896797,39.20601854064542
21.073999881744385,21.073999881744385,0.0,0.8646361111099035,10.795384490131447,-3.122279827246307,10.01496416205882,-2.9466248925217955,1.181964499062566,1.2541463692805872,48.45710760749742
21.397000074386597,21.397000074386597,0.0,-2.870995660315005,0.01330974263339416,-1.6057504110958059,12.410547123167143,2.462931100445191,4.441971848094409,1.2948317530620692,46.87317043364294
21.526000022888184,21.526000022888184,0.0,0.8917342860749891,1.0789326469055986,-2.284370873908623,9.514335859632427,-1.9193084569514536,7.429692693728164,1.2945435878026028,46.61422630875105
21.34599995613098,21.34599995613098,0.0,0.1652016423486944,1.544952680873922,-2.788149739470185,10.201631820801888,-2.127678984381869,4.903424565691693,1.4145440412249015,48.619174922791046
21.526999950408936,21.526999950408936,0.0,1.7535026217333352,1.1519533917126317,-0.8920824684656949,7.962923140039526,-0.956490270598445,2.0727993002179628,1.2894244082742907,46.03264915456525
20.884000062942505,20.884000062942505,0.0,-3.1234767416483216,1.3306006406261859,-0.21959252890640935,1.0277031920090167,-0.2887733014503744,4.309347921871694,1.4415608728295055,43.203166424333496
20.674999952316284,20.674999952316284,0.0,-2.037372618057611,7.920075901565736,-2.2216078929132186,12.015092576120708,-0.7591766302574245,11.044345277289946,1.2385632066508145,30.21180145168487
21.478999853134155,21.478999853134155,0.0,0.22304553576789354,9.594149016911434,2.6894038186111056,5.087071364121869,2.0671899570942127,9.577995703884806,1.330376089406145,42.93159547250385
21.006999969482422,21.006999969482422,0.0,-0.18219384213564194,0.20003097990644772,-3.0741909944048507,8.139187858014946,-0.3438879675016282,10.443147107500243,1.3818494424134768,51.45700987680504
21.197999954223633,21.197999954223633,0.0,0.124758817761085,3.796181213357465,-2.0541932219157815,4.6439505504993805,-0.712765360288361,9.884118338096208,1.3029469352772842,41.3970420132533
20.710999965667725,20.710999965667725,0.0,-3.05583044123211,4.587060643121537,-2.8697987315804943,7.0725276481117385,0.21920293402221613,6.036270435373475,1.3943699883080443,43.13093575200485
20.948999881744385,20.948999881744385,0.0,-1.6179715911227714,6.323051527207485,-2.442721738614916,3.1200128071029125,-2.636850136784299,9.242069102740205,1.2225848927138632,25.23472858478687
21.823999881744385,21.823999881744385,0.0,1.9414090408139408,10.005846089525146,-1.3833496315464258,4.506430402066932,-0.2149816124292414,2.9420328944352256,1.261709755169152,50.78743416706055
21.373000144958496,21.373000144958496,0.0,-1.7825332104680465,11.259543012476282,2.5601252216991988,10.512662166048111,1.8554881301197907,7.2101921827991955,1.2218696311553265,43.97396289207569
20.634999990463257,20.634999990463257,0.0,1.1667877052446283,3.53314908462898,1.9007592583578008,3.4441322750336414,0.8912113703181346,1.2782421202047876,1.3102971311207479,20.642349728082962
21.253000020980835,21.253000020980835,0.0,-1.4386742668834809,3.325633498411927,2.9835927444098376,5.575269709714082,-1.355235730492326,8.152124013176904,1.1788038626166297,37.814980651597274
21.891000032424927,21.891000032424927,0.0,1.2948440523776972,4.850529491997788,2.4342688373308086,2.3848155174737835,2.410667414897187,4.262640951413013,1.2193575129096659,23.563218985577954
20.813000202178955,20.813000202178955,0.0,2.1186269064374095,12.02286270496976,-2.7280411947756242,12.209809942539495,-1.7022265509066448,8.875802880699764,1.2658136513316294,42.64626222691107
21.272000074386597,21.272000074386597,0.0,-0.4767300178157825,5.417444779382439,2.0407823999077825,4.312853085711784,2.2414188817669656,3.6286208300259704,1.3450044986735172,40.81791829661125
21.066999912261963,21.066999912261963,0.0,1.0297895468529514,9.514869257640854,1.0206366325191798,5.932305542151776,2.1549046163389356,12.3352850365049,1.2262264780570227,27.124883444802308
21.700000047683716,21.700000047683716,0.0,-1.548649626017752,12.500310241134594,0.42874328797107,9.377009442554312,0.9559113314337431,7.561623701447752,1.1962814148946912,42.13925876657769
20.81600022315979,20.81600022315979,0.0,0.3840327877517882,2.528002998159262,-2.0867825462029876,10.870685722272457,1.1315349996151287,0.5195489478084697,1.3797925802024853,50.726474703038825
20.699000120162964,20.699000120162964,0.0,1.3415611918295127,1.9161722478756593,-2.6087398480798694,7.620590538340195,-1.2332128828454252,12.112356747628809,1.1481146008657435,54.4603549376176
21.138000011444092,21.13700008392334,0.0009999275207519531,1.9769039726942879,0.46997285100164116,-2.1585073853126433,1.7707293795682897,3.0818529183175682,2.679416062359298,1.2658371694443324,38.358653156512204
21.329999923706055,21.329999923706055,0.0,-1.0423593721618944,7.257614655942645,0.8493216862510411,2.5680432448026416,0.26449763403398885,8.302261092302112,1.198341655083722,37.21853920873177
21.902000188827515,21.902000188827515,0.0,1.4943400608001376,10.866592456887807,0.20921876684616603,4.719697497537805,-1.4823995083085981,3.512189993603306,1.180662636028889,49.73372965017916
20.640000104904175,20.640000104904175,0.0,3.1359856378860256,8.590704332633353,-1.2874923987266393,7.002759541813814,-1.63394005140553,10.620974405748434,1.211374682446134,34.9853515917119
20.88599991798401,20.88599991798401,0.0,-0.8140931479393312,4.280364175432891,1.3589079952698881,6.037503526237353,0.8206555327953908,6.728009781594307,1.1619521861792848,37.94046082117213
21.002000093460083,21.00100016593933,0.0,-2.316693796879632,8.869514543028115,1.6117320436627436,6.672417941439964,1.365157337586905,3.6937838255810664,1.2039514657449486,42.422663095879955
22.16600012779236,22.16600012779236,0.0,0.7830063767993765,0.2782423925517883,0.640120444032191,0.1444448433341626,-2.5286101035816646,2.4732999528112614,1.3983155254221302,41.6155062659859
21.252000093460083,21.252000093460083,0.0,-2.404476746847554,11.65267159192834,-1.8968779001853973,7.883681888144246,2.914973311996749,3.1942140833027204,1.2766617007877048,33.04410242303971
22.304999828338623,22.304999828338623,0.0,-2.2251576194817657,8.090605145433852,0.018496570554946246,5.727845961726974,-2.6902353757308464,5.0552767764880615,1.4042944827988664,43.23582279053916
22.016000032424927,22.016000032424927,0.0,2.397350393101103,2.17477767942449,-1.9674121838327405,7.776519018354362,1.724376873713381,7.362468912674057,1.1979989520884684,44.9563533197702
20.877000093460083,20.877000093460083,0.0,2.9092794469850105,0.5390021929493648,-0.9662750747786446,6.6507590434222355,-3.0472486905540808,7.889936220237641,1.2645081434171899,44.978915858213696
20.769999980926514,20.769999980926514,0.0,-0.29159205534981814,2.3463194325854824,1.4422910949574472,2.4444650717739056,2.3500236724710595,4.735251639730784,1.3058424843431558,43.835541060974066
21.420000076293945,21.420000076293945,0.0,1.8682059261493444,1.480785484157561,0.116489360184858,6.900203654632458,1.43976289990019,1.6625834414034264,1.3132878359553866,33.903251660411655
21.33399987220764,21.33399987220764,0.0,-1.7117358624533456,7.735393953528215,2.2956180284475405,0.34987629709446805,1.9825589664674546,2.234599400987537,1.2268810135598451,43.25517094176337
21.658999919891357,21.658999919891357,0.0,-2.0844386683182305,11.39535567239098,1.1914648528602267,2.8576539647103107,-0.6807647991277714,11.129496797101853,1.1565465324709294,52.72508325092579
21.430999994277954,21.430999994277954,0.0,-0.902570580556791,8.968039994358236,-1.8831719794210093,4.851114548832249,-1.0676223941440517,1.0623106457013731,1.286903986497665,27.143997083366784
21.448999881744385,21.448999881744385,0.0,-0.5624581792232402,6.599054816317557,0.5253057762270332,2.9203551535924213,0.10568990027672731,10.289332374870808,1.3324379800634922,26.97329123137303
21.295000076293945,21.295000076293945,0.0,1.6929955658820477,6.025657763142869,3.0270304562596353,8.984495180932395,2.7863543313951116,1.5116611196677197,1.2331978976067477,31.905532933448335
21.162999868392944,21.162999868392944,0.0,0.6646955739534288,3.2635300375609786,2.711651510189288,9.201826702493763,1.0837355929751533,11.416202075314484,1.3162860840061181,41.94186565851864
21.42799997329712,21.42799997329712,0.0,-2.9371453647517742,2.9300912337555687,2.9108460681123445,6.194225878234903,-2.1745369909366734,0.9283709980233259,1.3221217032758523,25.563574119256888
21.794000148773193,21.794000148773193,0.0,1.2070495865270203,6.792829248676722,-0.5440686250382218,6.397123584007035,2.875364139347787,2.371480068065239,1.2031759583624928,51.035707870837285
21.29700016975403,21.29700016975403,0.0,-2.599369373532104,11.765365621807321,-1.7480357925242953,10.355622302624258,2.0937807349262627,8.035962792040012,1.2519725136002875,42.06393180739474
21.617000102996826,21.617000102996826,0.0,-1.2968448732453977,4.922617333588945,-2.346578800520553,8.870682556284617,1.235532790688839,5.869326036274321,1.0830081855046416,49.620590628787326
21.735999822616577,21.735999822616577,0.0,2.8597241452067603,10.389851193654414,-2.5260380947418226,0.5915617925555849,0.4039472650984144,2.8570223267954065,1.4366541995770505,53.39027270929308
21.266000032424927,21.266000032424927,0.0,-0.24487015516767663,11.932555424765466,-0.7279525888016343,2.1207989481688667,-2.4219261110377612,8.594845240169821,1.3553274928112282,45.27084904514339
21.153000116348267,21.153000116348267,0.0,1.517980841025805,3.896594148166779,-0.7775804284197725,12.54530515277505,-1.5117817527739397,3.900756286872003,1.0418204736484529,51.38902540792259
21.823999881744385,21.823999881744385,0.0,0.37209091093251745,11.107243103796744,0.933394314787642,4.9120805202652935,-2.8488846182361973,12.482261231658818,1.2747098272361577,48.778549317844266
21.438999891281128,21.438999891281128,0.0,-2.8044819268664782,5.04792561656028,2.488763043844557,12.181881959995962,1.3162542230944316,0.3971168974413215,1.3080530291970183,46.2987584468702
21.4520001411438,21.4520001411438,0.0,0.46314475744978,1.7300770358642799,-3.012098485781249,11.210965201833734,-0.4430957031813705,0.7689064767685435,1.4753543982343285,52.53434092741196
21.929999828338623,21.92899990081787,0.0,-0.07196967130408849,0.6982147706420684,-1.7632846873282741,0.10906004145471888,-2.363366822285638,6.527090182278978,1.2588134325376121,42.834812903225746
21.37399983406067,21.372999906539917,0.0009999275207519531,0.7234939513001537,6.957840221114942,2.8406426995539373,10.995118496260694,1.6053097378129175,3.282538932530106,1.247398001868995,41.10297210906916
21.342999935150146,21.342000007629395,0.0009999275207519531,-0.5968925985730236,9.75866455554251,1.4714689757771975,9.155192868995163,2.6157741940479715,10.099892808302327,1.1671577054080253,48.05974285991087
21.700999975204468,21.700999975204468,0.0,1.7928141644221585,5.027439110104774,-1.4163483784287296,12.562754339953202,0.0017245557503019586,4.635435416965574,1.2775124213602658,52.22287714027949
21.747999906539917,21.747999906539917,0.0,-0.2746104895196131,1.549283746904748,-1.4123641578655568,7.669163282471199,-3.1246161943097337,0.8225646895381313,1.2861867322374856,48.777039359928004
21.825999975204468,21.825999975204468,0.0,1.4696263166778518,5.419008146773348,-0.5534597683756162,12.51066879022045,-0.40254734804241765,9.913795709505198,1.1295732238031684,38.09969888068246
21.136000156402588,21.136000156402588,0.0,1.1369699566121683,6.7133465011860505,1.5738167565335743,4.946092316461278,2.3447057264377005,1.1040140709208268,1.1860905337413856,25.79079986955144
21.747999906539917,21.747999906539917,0.0,2.0295355116161504,6.7133465011860505,2.0120590779197927,4.950830129981843,2.1968858937940765,1.1040140709208268,1.3048522052083567,11.89091079421344
21.587000131607056,21.587000131607056,0.0,1.5334604374145169,5.038977773711764,-0.6205343391895555,12.538579007435946,-0.11550388800987754,9.913795709505198,1.1275351903295325,40.257350019159055
22.176000118255615,22.176000118255615,0.0,1.1369699566121683,6.672315645582171,1.5738167565335743,4.509738473407353,2.3483082873546377,1.1040140709208268,1.1863296539768247,25.803442225650016
22.03600001335144,22.03600001335144,0.0,1.7928141644221585,5.027439110104774,-1.4252643450658633,12.344671472026002,0.10758343392046103,10.205892048301607,1.2138495552100852,51.118399957979356
21.98300004005432,21.98300004005432,0.0,1.428786656501736,3.818272073161568,-0.40604471778900136,12.45853231900977,0.06607715958316249,10.797636498264502,1.1392621004952357,37.44377852491
21.97699999809265,21.97699999809265,0.0,1.7928141644221585,5.027439110104774,-1.4183848435947977,7.151441440762255,-2.8926933437829954,3.953672989535453,1.135701054443511,48.29028697999845
21.738999843597412,21.738999843597412,0.0,2.0137474145581353,6.8408914982744,2.0120590779197927,4.839533459106666,2.1901374135850715,1.0727585511654814,1.3048215547059043,12.198071126025503
22.674000024795532,22.674000024795532,0.0,2.0295355116161504,6.7133465011860505,2.0120590779197927,4.080209378203305,2.1901374135850715,1.0727585511654814,1.298554253738785,11.997162700183965
21.225000143051147,21.224000215530396,0.0009999275207519531,-0.42871183554564557,7.581970765369654,-1.5787470565380866,6.180780549046905,0.5792621190249623,10.532565120958836,1.169379633737587,39.2248544619426
23.848000049591064,23.848000049591064,0.0,1.0691175308533252,6.7133465011860505,1.5092513086100359,4.946092316461278,2.3447057264377005,1.1040140709208268,1.1843292871420235,26.85086478316306
25.05299997329712,25.051999807357788,0.0010001659393310547,-0.31101673169337496,3.818272073161568,-1.4030002647155972,8.882963581247035,0.06607715958316249,4.685726456541315,1.3198555015959794,29.44881037057784
25.216000080108643,25.216000080108643,0.0,-0.22367937125585247,6.068047800201067,-1.5413446423758912,7.669163282471199,-3.1330266340074924,1.2378555669657774,1.2986526689084859,48.461896790969284
25.492000102996826,25.492000102996826,0.0,-0.6383659883945805,3.818272073161568,-1.4028843519691225,10.371775012223301,-0.009741061225928292,4.5975028557377895,1.346183137403214,30.233361452149758
23.692000150680542,23.692000150680542,0.0,-0.6407464411055253,3.818272073161568,-1.3342455753894797,9.691683529926607,0.3971903499743038,4.685726456541315,1.3006768756618823,34.97330621609462
24.243000030517578,24.243000030517578,0.0,-0.6407464411055253,3.818272073161568,-1.1526662588222252,9.775317255052606,0.06459496020235823,4.685726456541315,1.3306372438331215,27.297036529662158
23.240000009536743,23.240000009536743,0.0,-0.6407464411055253,3.818272073161568,-1.4080987540783434,9.53156958846116,0.06607715958316249,4.685726456541315,1.3303026067750139,30.683216699843214
24.54699993133545,24.54699993133545,0.0,-0.20741535533437616,4.6011223058231945,-1.5413446423758912,9.521964960154328,-3.1246161943097337,0.8225646895381313,1.3254064386701656,50.22359292574667
22.51200008392334,22.51200008392334,0.0,-3.097321126758286,6.723949154766169,-2.3673202787810994,7.187465304287835,-3.0382475229028163,0.8160962309184288,1.3196735970992166,22.253494146810112
22.168999910354614,22.168999910354614,0.0,-0.6702246695237892,6.282809301576679,-2.370126472928323,7.545483082777652,-2.379708339059553,2.032573160078045,1.3241177490860683,36.266905579101945
21.388999938964844,21.388999938964844,0.0,-0.40115322229768957,6.155612293332217,-2.370126472928323,7.140724452304612,-2.379708339059553,1.9838559729186243,1.3753917758358425,39.07201356257584
22.068999767303467,22.068999767303467,0.0,1.895127085385456,5.573373331892026,-0.8068074400410896,11.148325786680934,-1.8484285550747706,10.600496528275562,1.1805385251769307,50.01736702014699
21.384999990463257,21.384999990463257,0.0,2.3935059260876845,3.990949605950177,2.073707974272914,7.363777717583067,2.201002738663907,1.3281490081820593,1.333701982924444,14.090806072153256
22.634000062942505,22.634000062942505,0.0,1.6661073231738301,2.3739727430927458,2.095606280887357,11.669929816898156,0.8778647217161614,0.9937918757259689,1.416450483569036,33.67634585857476
22.170000076293945,22.170000076293945,0.0,1.6348402651433176,3.7518376650299903,-0.49471153982627025,7.0935253283686315,-0.2764238556878915,10.855944293698306,1.239720698217475,39.96916762349381
22.450999975204468,22.450999975204468,0.0,2.3935059260876845,3.990949605950177,2.0740223779037215,7.363839191335667,3.003526840388389,1.8392869487984538,1.303106814001627,21.546008317669003
22.013000011444092,22.013000011444092,0.0,2.3935059260876845,3.990949605950177,2.0740223779037215,11.030368172530494,2.674122968825221,2.0256368472808646,1.3458662215030772,21.914988695262927
22.749000072479248,22.749000072479248,0.0,1.4287809542382255,5.356594576688388,-0.8981380409803287,10.242648357389813,-1.7802106099385815,10.585817217917171,1.083535740297329,48.20825508789639
22.361999988555908,22.361999988555908,0.0,2.3935059260876845,3.990949605950177,2.0740223779037215,7.363777717583067,2.674122968825221,2.0256368472808646,1.302941003678026,16.019752521979093
21.956000089645386,21.956000089645386,0.0,1.680052415995096,5.356594576688388,-0.4838354718870474,10.242648357389813,-1.7802106099385815,10.600496528275562,1.1741922188134195,50.83223198706668
21.542999982833862,21.542999982833862,0.0,1.6661073231738301,4.415176235365996,2.095606280887357,11.75226611778427,0.7529130531067212,4.154166788016553,1.3197695683164077,31.884506748551182
22.01900005340576,22.01900005340576,0.0,-1.150274237587811,5.976877405781367,-0.4276195512283577,11.560751827066621,-1.574313487887343,10.153685036459446,1.2104031971873142,25.878681391773533
22.776000022888184,22.776000022888184,0.0,1.895127085385456,5.573373331892026,-0.844190385633789,7.481728125251966,-1.8484285550747706,10.600496528275562,1.2144813094278222,49.55920446316134
23.171000003814697,23.171000003814697,0.0,1.680052415995096,5.356594576688388,-0.49471153982627025,11.560751827066621,-1.7802106099385815,10.600496528275562,1.1562195717139263,51.221087622178466
22.256999969482422,22.256999969482422,0.0,1.6145331950886936,5.356594576688388,2.0783328285274396,11.560751827066621,-1.6954095620664305,9.400762383212353,1.1443062572494496,47.18834507662247
22.63100004196167,22.63100004196167,0.0,1.6661073231738301,2.4125221569551005,2.095606280887357,11.7718526009042,0.8260987949419976,4.176821227955075,1.3273714773659517,32.711140126400394
22.414999961853027,22.414999961853027,0.0,1.6366795061355297,6.090158982347291,2.235023654914375,10.571184722904366,1.0239133289199878,2.5509869455765424,1.2888371180758,28.324056031291015
22.76200008392334,22.76200008392334,0.0,1.6536662557232584,6.090158982347291,2.235023654914375,10.571184722904366,1.2230690677223088,3.970713573793627,1.2458381664285911,23.772393500323513
22.20799994468689,22.20799994468689,0.0,2.955771767809695,2.3559590537473705,2.6305947460090713,1.468760936917314,2.5466389022834486,0.691856452104058,1.3267789886756731,8.890961130566623
22.0,22.0,0.0,-1.9053376018610768,5.501915409015154,-1.8268999204651748,8.600424057907846,1.6354657832019353,7.867108743727769,1.1705489761982617,42.69819442337523
21.194000005722046,21.194000005722046,0.0,2.0726533037622334,3.978509731152494,2.957025225995053,1.0048444025632661,0.4827583333477059,5.337607572440676,1.3706386173606615,42.78863738144897
23.061000108718872,23.061000108718872,0.0,-1.2300431479527658,3.151053011932402,1.3008421510915242,7.387639762311065,0.7476618005617753,7.891842465241044,1.115668136178145,42.391880864091725
21.878000020980835,21.878000020980835,0.0,2.6248484756829966,5.947430269685181,2.845725599782268,9.84594812529007,2.6089406926320056,9.485876926822314,1.3247057893694132,10.410164665377335
22.088000059127808,22.088000059127808,0.0,0.9750871094278097,6.166770492162068,1.2314196217945517,8.080964093837558,0.3611481543861018,8.657052049085594,1.2659846621300568,18.180292915165424
22.129000186920166,22.129000186920166,0.0,-1.222922350898255,8.327501678074416,-1.4322795855184793,0.5580907988609408,0.8942176478596782,11.274381898767531,1.1764712824143675,46.98623138445157
22.257000207901,22.257000207901,0.0,-1.227773186509689,5.895435593942433,-2.1293500889663646,3.5474500305862913,-3.133334888997013,7.843539403072012,1.2331549964293513,35.97976181084099
21.588000059127808,21.588000059127808,0.0,1.5203638444983523,3.151053011932402,1.1136438261152102,12.352489863602308,0.7779074532460684,9.072740395594604,1.164422569019372,24.096248459062636
22.131999969482422,22.131999969482422,0.0,1.1003749774824567,3.978509731152494,2.8740842047142703,1.0048444025632661,0.4827583333477059,5.337607572440676,1.3016489777199693,41.11987766512896
22.573999881744385,22.573999881744385,0.0,2.6531445131560325,4.429628824616179,2.726308239952434,1.9295169436533297,2.1445834364213847,9.436866118203486,1.3164361964570026,19.150629831334655
22.275999784469604,22.275999784469604,0.0,2.8832951582437145,6.091256365023761,2.166384448199371,10.174843691489446,2.6089406926320056,10.196725527451498,1.3184145428715275,17.440988294204182
21.80900001525879,21.80900001525879,0.0,3.009610665428065,1.1464625728603615,2.492996055553366,2.866950526447652,2.5014864457611155,9.76951034952178,1.3327041918376714,22.275133235498743
22.76200008392334,22.76200008392334,0.0,3.009610665428065,6.131577515265979,2.492996055553366,3.9445564200267262,2.5014864457611155,9.802326943245586,1.3288970305208432,17.640065307972883
22.194000005722046,22.194000005722046,0.0,2.8832951582437145,6.091256365023761,2.6378469381210796,9.84594812529007,2.6089406926320056,10.194588040975049,1.3267647670011256,9.866546562504546
23.21399998664856,23.21399998664856,0.0,1.500202367829042,4.513364011486563,-0.5594039653586732,12.059238920697865,-0.8708436089214889,9.565712743230531,1.0952044811804338,41.92116762296432
23.05999994277954,23.05999994277954,0.0,2.1738288794847507,6.241876345745637,2.1869383210956324,8.573495893039818,2.791448629847508,10.535585996690088,1.3106981396311248,16.045820382635
22.319999933242798,22.319999933242798,0.0,1.1335095798446488,5.99890086130235,0.8648949708820932,12.013037474037146,-0.48084329754117494,9.565712743230531,1.1433956621398491,34.16663726242287
22.145999908447266,22.145999908447266,0.0,1.722915526955083,6.801696973272543,1.5547965799308987,9.944328362134346,2.7631026310093953,11.684350534236204,1.2091210116878286,26.13068182453621
22.955999851226807,22.954999923706055,0.0009999275207519531,1.6006615506527762,6.103879840195207,1.730951069348559,9.944328362134346,2.4507935882810448,11.684170271724224,1.218476687306618,21.26889408836718
22.855000019073486,22.855000019073486,0.0,1.1335095798446488,6.617729895716967,-0.5679132450283969,12.013037474037146,-0.4687433982634125,9.565712743230531,1.1501653974439632,33.27643365724904
21.924000024795532,21.924000024795532,0.0,-2.698955297501325,4.802003855147573,-0.044815659165730604,10.285907934819416,-1.3570177611204763,1.071024521730973,1.3001350476389766,48.44085508299314
22.272000074386597,22.272000074386597,0.0,1.0420693561809888,6.4544217078921395,-0.5225170125302242,9.747980161295498,-0.476253006644064,8.822736125592437,1.1882457713374357,29.48070219526522
22.240999937057495,22.240999937057495,0.0,1.6038504612284765,7.225962960134968,2.1441837160538966,10.410360610257799,2.7631026310093953,11.64484129651102,1.2256113095672698,24.242178170167623
22.700000047683716,22.700000047683716,0.0,1.0420693561809888,6.4544217078921395,-0.5154824408813593,9.101076459700778,-0.46148688396628523,9.565712743230531,1.1933475077369717,29.016258971688092
22.270999908447266,22.270999908447266,0.0,1.875367345689555,6.103879840195207,1.8324734444826432,10.359021976018314,2.7631026310093953,11.684350534236204,1.2573884706225464,23.59056143054015
22.625,22.625,0.0,2.0976017907206734,7.50052689093443,1.5547965799308987,9.944328362134346,2.9354218230710316,11.62822116838934,1.254195762517234,27.861286909180585
21.968000173568726,21.968000173568726,0.0,2.0510472041592167,6.103879840195207,1.8324734444826432,12.016673444340219,2.7631026310093953,11.684350534236204,1.2919539620718474,24.212167113423675
22.256999969482422,22.256999969482422,0.0,1.874204978607258,7.50052689093443,1.5547965799308987,9.944328362134346,3.132555824773453,11.684350534236204,1.2345391194732287,30.79961181688912
25.02999997138977,25.02999997138977,0.0,2.630108221125256,6.099566786255435,2.1673688498784904,9.481436803886794,2.9977181027651914,11.897653721552205,1.3176301877138716,20.973556366087116
21.76900005340576,21.76900005340576,0.0,1.9034615337672165,6.980107189237998,1.8324734444826432,12.388114623098843,2.7631026310093953,11.684350534236204,1.2645000888939302,24.026175676282644
22.003000020980835,22.003000020980835,0.0,2.0510472041592167,6.466290702391467,1.8324734444826432,9.371965594533677,2.7631026310093953,11.684350534236204,1.281622573414427,21.608287005273567
22.432000160217285,22.432000160217285,0.0,-2.698955297501325,4.914960888922799,-0.5614504549026131,10.146007083510236,-2.2096493218489477,1.0896775098634244,1.2812362926036795,41.71604375289574
22.200000047683716,22.200000047683716,0.0,-2.698955297501325,4.736639853006566,-0.5614504549026131,10.282490753910386,-1.3570177611204763,0.924778624609633,1.277280257726917,43.54299476163064
22.182000160217285,22.182000160217285,0.0,1.3999146068306052,3.045818665428018,-0.7309227961547055,11.86877545813758,0.5816533841714626,9.075288987522729,1.0938678941599551,42.10022574642538
22.14800000190735,22.14800000190735,0.0,1.4000234785400083,2.825425584076863,1.0833648761572747,9.991399534773468,0.9322042978188054,9.087573047244899,1.1824869562965177,17.380341605320208
22.68400001525879,22.68400001525879,0.0,1.3949603246103344,2.8181251908122213,0.05210024757380724,10.071701886373983,-0.2256752920217352,9.087573047244899,1.2286828910120882,33.12891857042537
22.365000009536743,22.365000009536743,0.0,1.3331345777675923,2.8277369426428876,-0.5891104664301833,11.513911756154897,0.554598411636833,9.092176025180951,1.1321177486220846,39.48829823158664
22.365000009536743,22.365000009536743,0.0,1.3948711615077374,3.0385182721633766,-0.7309227961547055,11.96466315923277,0.6535488107030678,9.075288987522729,1.0903339590595846,42.14130177216522
22.448999881744385,22.447999954223633,0.0009999275207519531,1.399914191712588,3.045818665428018,-0.536102469888976,12.33570423401828,0.8720402456984524,9.075288987522729,1.106200541946351,40.23820702234703
22.645999908447266,22.645999908447266,0.0,1.399914191712588,3.045818665428018,0.023749040439770663,11.886102202693149,0.9463465078685352,9.097873408415152,1.1834526392122184,32.34332605547202
22.414000034332275,22.414000034332275,0.0,1.3949603246103344,3.102543161966792,-0.6136874206963733,10.19542760388837,0.7848474469234119,9.087573047244899,1.1180847784254448,39.70629765426687
22.491999864578247,22.490999937057495,0.0009999275207519531,1.399914191712588,3.045818665428018,-0.7009273963694922,11.7038996085179,0.7755253748936344,9.075288987522729,1.0907849515411168,41.714098835305734
21.5770001411438,21.5770001411438,0.0,1.2956893615998872,3.045818665428018,-0.7009273963694922,12.103603810682836,0.9326987801377656,9.075288987522729,1.100466404730772,41.01410994039563
22.430999994277954,22.430999994277954,0.0,1.399914191712588,3.045818665428018,-0.7009273963694922,11.886102202693149,0.9463465078685352,9.097873408415152,1.0858000155302043,41.949607591680206
22.164000034332275,22.164000034332275,0.0,2.785961699794756,6.428073208289573,2.212796847202081,7.797239865464303,2.313043687670163,5.756620274995713,1.3164672270320767,12.823420133989297
22.711999893188477,22.711999893188477,0.0,0.8736352609479301,6.106788423478736,-0.20098905210722373,9.409066987677427,0.9730831610629411,10.838747352038201,1.2428829821008964,26.761081160349804
22.575999975204468,22.575999975204468,0.0,2.0082131445656612,6.428073208289573,1.7480428092392053,7.663677098779502,2.2993002223956447,5.756620274995713,1.2516066877462302,11.618346100980455
22.003000020980835,22.003000020980835,0.0,1.7041154033041948,6.2733938521280255,1.8201042128909908,7.6757176141502725,2.0974975511789324,6.666847650763469,1.234866601891451,8.691044998000024
22.70900011062622,22.70900011062622,0.0,1.7133048337396164,6.428073208289573,1.9854389292555492,7.798260793066115,2.2776261080460953,6.798451906583521,1.2361270748344804,11.698636393612874
22.503000020980835,22.503000020980835,0.0,1.3020491009401596,6.428073208289573,1.69018473018918,8.053113064001439,2.3535640361859085,5.756620274995713,1.2187983047417241,21.151037754660592
22.58199977874756,22.58199977874756,0.0,2.106489671798457,6.428073208289573,1.9972372422055304,7.798260793066115,2.313043687670163,5.769193360026677,1.2962860533380907,7.659389670901845
22.138000011444092,22.138000011444092,0.0,0.5721991847143213,6.106788423478736,-0.09140785186040312,9.315989603273911,0.7588234660209747,11.335311933316284,1.2892622050741231,21.30529441955045
22.746999979019165,22.746999979019165,0.0,1.9732980558257327,5.888782617566282,1.9972372422055304,9.54499049435101,2.560569606999907,6.6456740033304005,1.2836852913311236,15.771762200079593
22.070000171661377,22.070000171661377,0.0,1.0633779353016446,6.106788423478736,-0.1020409710135628,7.5134702268914,0.5471058617196515,6.533664296274626,1.2944720842296926,22.67159828478811
21.521999835968018,21.521999835968018,0.0,1.2991055412881607,6.428073208289573,1.9972372422055304,7.798260793066115,2.313043687670163,6.937611847533011,1.2143942229388096,19.96083183542424
22.64199995994568,22.64199995994568,0.0,1.701130038735892,6.260114202483511,1.7740621319397827,9.610523018561569,2.7462003576823837,6.757052628049393,1.2303241089125114,23.191874497205
22.587000131607056,22.587000131607056,0.0,2.251393472266238,6.428073208289573,2.212796847202081,7.798260793066115,2.313043687670163,5.756620274995713,1.3147910496514292,4.609279488352787
21.79699993133545,21.79699993133545,0.0,0.5459392023717702,6.055160996599278,0.8169774388988991,8.97846855697413,0.7467936790721075,5.880461544206634,1.2956587442817507,9.170079334000416
22.45900011062622,22.45900011062622,0.0,1.701130038735892,1.6938210489701593,1.7740621319397827,8.759237813712517,2.7462003576823837,6.757052628049393,1.3786062939375052,27.850465577086677
22.73799991607666,22.73799991607666,0.0,2.6561926359209744,6.979060425382086,2.1944715533207586,6.320545117142619,2.214065913032303,5.067543213099674,1.3124538791173086,10.6755144904644
22.29800009727478,22.29800009727478,0.0,-2.733105252273838,7.044549080966298,-1.7678386213641508,4.292035130588949,1.2603172338432893,2.587684328275787,1.196461225186211,48.472823612616885
22.51699995994568,22.51699995994568,0.0,1.257521931381318,5.8218911828609885,1.934785315967456,6.854402839417962,2.17919012377934,6.107998713129323,1.2210102627325556,18.171864170668012
22.121999979019165,22.121999979019165,0.0,2.2697261579528867,7.452376754404592,2.0946057871734887,4.939111225795089,1.3044733802796402,9.373767572402276,1.2379559530612787,21.42430960468488
22.008999824523926,22.008999824523926,0.0,1.257521931381318,5.814343002096116,2.1311657858366857,5.757399743244185,2.0841040517667087,4.085444928450524,1.2256689381003087,18.4148101621009
23.0479998588562,23.0479998588562,0.0,-0.7644397788785032,2.7793869811330083,2.041410045510188,6.8483076404772465,1.2670955305992413,6.178332982509308,1.1873592495939576,45.04930757048435
22.673999786376953,22.673999786376953,0.0,2.658755150339138,6.537711899553593,-1.603274528043253,9.108108491029103,0.180750874732984,8.781082750217871,1.2724504771643386,51.74862311927393
21.79700016975403,21.79700016975403,0.0,-2.733105252273838,5.781907994525839,-1.9545041615941237,4.955909444530332,0.9822293321758826,3.3069908265371146,1.2598990639871035,46.940698910629564
22.484999895095825,22.484999895095825,0.0,2.606815492242561,2.7721211331131124,2.9901162678414472,7.635664182997619,1.4122530628965917,8.709235044245816,1.2226499111512534,33.12920660745512
22.508999824523926,22.508999824523926,0.0,1.257521931381318,5.8218911828609885,2.1311657858366857,6.044929213957438,2.17919012377934,4.550654357881367,1.2206360327469523,19.018014000096812
22.263999938964844,22.263999938964844,0.0,1.299347163809128,2.5740464479169436,3.025219233585293,6.052800997937328,2.0812053178343564,0.25517248447366864,1.2598616531962934,34.33859530858676
22.72099995613098,22.72099995613098,0.0,-2.733105252273838,7.068560877294183,-1.9545041615941237,5.150502633369286,1.2966388861168632,3.697282300031757,1.1913384471002255,46.224342504432435
22.286999940872192,22.286999940872192,0.0,-0.7644397788785032,2.7793869811330083,1.9236261677634126,6.8483076404772465,1.3040780946900197,6.178332982509308,1.184150039900657,43.564293084628964
22.219000101089478,22.218000173568726,0.0009999275207519531,1.3197194535259174,2.769868386402023,3.025219233585293,6.052800997937328,2.0812053178343564,3.7340660405875705,1.2494119371630583,32.294430358133965
22.049000024795532,22.049000024795532,0.0,1.9973009949049518,7.473720939982106,2.8646654236088915,4.91717994860812,1.7493675210899884,9.373767572402276,1.2685395227322505,23.387036565769886
22.44599986076355,22.44599986076355,0.0,0.7647158829884007,4.232199951760787,-0.854533176796012,12.303546338725678,-1.099271402340698,9.801841759726958,1.1543329899793722,37.06835965867922
22.68499994277954,22.68499994277954,0.0,2.0890273125724605,6.483866167565623,2.3605428940149995,4.925853615966118,2.201179929803586,7.5250309796408255,1.301280180697349,7.701016442177302
23.05900001525879,23.05900001525879,0.0,1.3627429033203233,3.653812660752836,2.0717972921100865,7.025392975047815,2.1847715051245813,10.31236470836386,1.2239017802828858,21.59518817014933
22.623000144958496,22.623000144958496,0.0,1.539193342529734,3.8134347139133427,2.0717972921100865,6.803019439280542,2.088283020651965,10.31236470836386,1.224660223003154,18.030129825344655
22.341000080108643,22.341000080108643,0.0,2.1297306193075993,7.017372028658835,1.5622184881619994,7.435323124016678,2.182674612666342,9.916711284875818,1.2205403653517581,15.152612626520185
22.46399998664856,22.46399998664856,0.0,2.1297306193075993,5.946629509687804,1.5622184881619994,7.435323124016678,2.0936537710475704,9.916711284875818,1.2207135787807761,15.588945148594263
22.506999969482422,22.506999969482422,0.0,2.0172582580204392,6.462774448891383,-1.4018518393790051,11.838195793504504,1.628660543420057,9.478131337087472,1.1537019824557597,45.53174180752441
22.32200002670288,22.32200002670288,0.0,2.1176465072649227,3.8158039855108914,2.0569779809440067,7.025392975047815,2.041733932492479,11.183523176461177,1.332796269144094,14.834035804363307
22.91000008583069,22.91000008583069,0.0,1.8183545239726215,5.64669684932171,-1.4018518393790051,11.880819256684308,1.6171337303448663,9.494438355361988,1.1341963953213559,45.379461719966926
22.668999910354614,22.668999910354614,0.0,1.2461365355820604,3.6845007051388117,0.8783504569360572,5.867379257110936,-0.2820176576818705,10.34859954106812,1.209177740386856,31.461640639776338
22.686000108718872,22.686000108718872,0.0,0.7647158829884007,5.576089127486027,-0.9176328404735599,11.54941832104273,-1.1756098574976992,9.816699080820426,1.1466568719550192,36.19817759959008
22.32200002670288,22.32200002670288,0.0,0.7647158829884007,3.7302343290984163,-0.854533176796012,11.34835911594771,-1.0960589678889259,9.816699080820426,1.170067898376508,36.37042640553274
22.514000177383423,22.514000177383423,0.0,0.7647158829884007,5.649676452969569,-0.873584815686705,11.54941832104273,-1.1756098574976992,9.816699080820426,1.1454954022621031,36.24712672997263
22.70299983024597,22.70299983024597,0.0,1.8183545239726215,5.61845369217455,-1.4018518393790051,11.838195793504504,1.6171337303448663,10.817857345647411,1.1430855292422937,46.49252131225728
22.46499991416931,22.46499991416931,0.0,-1.291545056418551,10.287938927801067,-1.1661656166323273,7.145202139181805,1.0751073283782038,10.772985601992845,1.0775151698749814,40.276354382715354
22.36299991607666,22.36299991607666,0.0,1.3627429033203233,3.7794463857098863,2.0717972921100865,7.025392975047815,2.041733932492479,10.31236470836386,1.2239831042740337,20.294329263319156
22.098000049591064,22.098000049591064,0.0,1.2980754970642288,3.7575782553878723,0.8783504569360572,5.873462820427575,-0.6114186540309213,10.34859954106812,1.143091326254026,36.55399574582249
22.264999866485596,22.264999866485596,0.0,1.6679488256323374,3.7302343290984163,-0.903455110320075,11.34835911594771,-1.473167517912871,9.816699080820426,1.1275071836668675,47.38032638916069
