,index,Total Time(s),Time_o1(s),Time_o2(s),var1,var2,var3,var4,var5,var6,o1,o2
0,0,0.0,0.0,0.0,1.0511533462058291,24.290479046740842,-0.7727933907626969,16.739616166221225,0.13875217394984882,13.701304437007954,1.1266143238124973,40.612531770821775
1,1,0.0,0.0,0.0,1.423848440260748,26.97390361465725,1.3166618630543283,21.326770587948765,1.4686341547663913,23.12120615470402,1.1655887722940932,11.977053905921435
2,2,0.0,0.0,0.0,0.6578843946918679,30.70055616699193,-0.7786881495160706,17.567982695489313,0.822950140580808,29.908593064373388,1.2509844124991074,39.355129705748794
3,3,0.0,0.0,0.0,-1.5707963267948966,2.5826520169687326,-1.5707963267948966,0.0,-1.5488555043687209,0.2194082242617537,1.136136910826502,5.266345669982403
4,4,0.0,0.0,0.0,-0.8658504309183942,15.033339562104766,-0.5510231846773104,7.35322268375807,0.8924565953596467,7.798282026752549,1.1662615898106965,38.53524581272483
5,5,0.0,0.0,0.0,-1.267251915368556,18.894292651672977,-1.174807909170982,7.480812406304102,-1.5438810040833406,26.78846952426588,1.0751526137157408,39.46607634445229
6,6,0.0,0.0,0.0,0.539264384515556,25.82977326730555,-0.5633550397291267,18.143826438118488,-0.26691870560975106,15.698460293978556,1.2774973925366293,29.641344613092212
7,7,0.0,0.0,0.0,-1.5707963267948966,0.18811212519452405,1.5703690243597035,0.07469563621783996,-1.3922811775430348,31.41592653589793,0.8247511697958474,88.4149395425365
8,8,0.0,0.0,0.0,-1.5707963267948966,0.0,1.5707963267948966,31.41592653589793,-1.5707963267948966,31.06342552652123,0.6534892880167159,88.30844949172396
9,9,0.0,0.0,0.0,0.24659416185928404,18.52510142884216,1.1209803926182262,21.42960562275136,-0.32826481721087397,18.81151967177805,1.2193924244812853,28.142334332613462
10,10,0.0,0.0,0.0,1.3838153336971786,7.052390545929478,-1.4889536436517654,19.651977016382155,1.4337306654529165,23.472514260413323,1.0052086211455455,60.15725609285359
11,11,0.0,0.0,0.0,1.5707963267948966,31.41592653589793,0.7303100960368221,31.41592653589793,1.5707963267948966,31.41592653589793,1.0466722611764958,16.319297078833742
12,12,0.0,0.0,0.0,1.5707963267948966,11.926614172784559,1.5707963267948966,15.951165413377929,1.5099647321593317,5.029276794670633,1.1685543351665326,21.88746481982116
13,13,0.0,0.0,0.0,0.7157892683981206,16.429171635200163,0.1925449917586184,15.484101476751807,0.4461973567405229,22.780192189157948,1.305734866163182,19.877125498957806
14,14,0.0,0.0,0.0,1.0698252468710787,6.820479206015962,0.4155641722094034,14.435163394601044,-0.4362647645059869,17.788293154587812,1.1685653666941984,36.41333798995407
15,15,0.0,0.0,0.0,0.8218062336067438,6.523955755451155,0.5974619459844428,14.694627552472573,-0.3258458471383747,18.07645102065475,1.232324942098113,33.85423906787275
16,16,0.0,0.0,0.0,-1.323982283635168,13.616246031448606,-1.5136037525628956,12.522941479951944,-1.470261564855758,24.312320979545245,1.1440214169707017,24.77916647348624
17,17,0.0,0.0,0.0,-1.150112757500729,23.50510470776332,-0.8299162177279619,19.610301186540905,0.6662813021638082,17.048471692909484,1.119226685478627,35.91603478856255
18,18,0.0,0.0,0.0,-1.208078235287303,25.671339402900525,1.1462498829172287,18.79153849036292,-1.3031550438158976,3.030422855780196,1.0383452734382959,66.91446935474832
19,19,0.0,0.0,0.0,0.5462855144801877,13.908619392468331,-1.1335770560743477,15.959093461061215,-0.33893895998612816,18.81122426158385,1.195922282744723,33.15000820704451
20,20,0.0,0.0,0.0,-0.7972585951225589,22.55742777178753,0.8611374429128613,27.02272413812138,-1.1831395642744764,6.87690779193716,1.1424151002239402,57.953354113922316
21,21,0.0,0.0,0.0,1.3726387945186809,8.805985445025367,-1.064467823378628,31.41592653589793,-1.153495475235565,13.488333933156133,1.2824075293727994,66.96389278858489
22,22,0.0,0.0,0.0,0.0,14.474308980467171,0.0,20.072443167406885,0.0,15.707963267948966,1.3361580445620562,11.19626837387943
23,23,0.0,0.0,0.0,1.4323496469049593,25.188745005623296,1.3282208049318631,21.25612333143766,1.5020225388240351,24.27188805266469,1.1736252208397344,8.699131370579787
24,24,0.0,0.0,0.0,1.4359068042256309,12.704147085415947,1.3250022643137502,22.356011835124644,1.0065577453566363,17.675604303991662,1.1679119483097558,21.916124734329987
25,25,0.0,0.0,0.0,1.2554394572897776,9.278631097659067,-0.8967242573150789,26.090157246741533,0.5332017760144709,20.338782049043655,1.14970384306708,51.78308117932379
26,26,0.0,0.0,0.0,1.397577986058928,6.339755370710722,1.2051730488229748,20.99006274427101,1.4350291183528523,4.979238267628464,1.0966285758002086,32.361101032672785
27,27,0.0,0.0,0.0,-0.9668606737590908,5.81153944705587,0.005945477209851724,17.13673501886933,-0.7797126675084513,13.03013240759594,1.2394657438636252,30.829948810156086
28,28,0.0,0.0,0.0,0.7193408407233162,9.373413827118693,0.18203813214089132,25.86005819385573,1.091146079253417,20.778862343405688,1.299619148348067,39.45518486786602
29,29,0.0,0.0,0.0,-0.06655904676600588,10.91291497745223,-1.101145347151533,1.9198735206467488,1.185304456331628,9.52282181108225,1.170367622176463,44.89080511309949
30,30,0.0,0.0,0.0,1.4315852728300333,21.416116896058515,1.4429254260202748,25.133223778210787,1.0109761567012896,22.062283417806405,1.1766978967209645,13.216304825687912
31,31,0.0,0.0,0.0,-1.3562647483153438,16.616008429440473,-1.2724809716575851,23.233244010064826,-1.049519703475217,28.459652469175357,1.2744421647955315,24.58176726579578
32,32,0.0,0.0,0.0,1.084401457307385,6.480246989808808,1.3549558487952582,8.898408241098991,1.0687172649312122,4.356325644294536,1.2475515528652377,11.115841602937255
33,33,0.0,0.0,0.0,1.496185157312215,26.51740425345756,1.3363754414287898,5.381851811850016,1.1787704584024117,9.94002628832856,1.0294470305366812,42.89420653897193
34,34,0.0,0.0,0.0,1.5707963267948966,31.41592653589793,-1.5707963267948966,31.41592653589793,-1.5707963267948966,28.671570156458,0.7150852295028781,42.93176562226682
35,35,0.0,0.0,0.0,-0.2934441288289473,23.809830301822423,1.0184086757951458,24.469085114464754,1.0120259019138416,12.747282541437785,1.227119255815186,40.367354601217976
36,36,0.0,0.0,0.0,-1.264558326341477,21.11663337458366,1.4746457129115167,4.462127769855959,1.562907215345084,20.72177762495464,0.9821232205589576,61.75899818817402
37,37,0.0,0.0,0.0,-1.2340444487627982,3.4373990777927834,-1.1432062640395313,3.5742353412640764,1.2893970076762085,5.008451213274456,1.1086158027929935,38.846483576400225
38,38,0.0,0.0,0.0,0.3822372086290642,17.677648204543953,-1.4955972575279828,14.773423857858536,0.9320842322332636,9.915960301254085,1.2651434705188922,45.22845750173929
39,39,0.0,0.0,0.0,1.3921548022322063,24.422542874449555,0.8676185700351244,11.398490841875827,1.0428441363011074,14.602545760072632,1.1427644665877033,28.086034380113464
40,40,0.0,0.0,0.0,-0.7670698680761954,6.540397580765148,1.2207081151108672,10.939625669216216,0.8497942502701057,6.530098559218299,1.1888626987841535,37.54326973174937
41,41,0.0,0.0,0.0,1.4108966526778106,7.099392316488628,1.0993601450232,10.645921385084668,1.3653740570589603,17.848098508535468,1.138928040511098,23.145600010487122
42,42,0.0,0.0,0.0,1.4109753097060378,22.64654800344725,1.0993601450232,11.638416896054425,1.0206912685743097,17.848098508535468,1.1476651288675457,23.86623120798059
43,43,0.0,0.0,0.0,1.4148695367889688,6.768820803658477,-1.0729833698408016,0.3896265967244187,0.7813837233443001,21.87847077398888,1.129038908733662,63.12029164390878
44,44,0.0,0.0,0.0,0.5006756036854201,16.832042700674165,0.5443529703053638,16.906031345557068,1.3372913517581455,9.126267243477688,1.2164032809416,22.602802249852967
45,45,0.0,0.0,0.0,-0.7095770668946833,1.5170686009221988,-0.6461454940804401,23.692310241974894,1.3914505927634742,24.75569309724236,1.2674604205852524,68.25015174276807
46,46,0.0,0.0,0.0,-1.3795819363853623,6.83144382277169,-1.255701518266332,21.87447863749005,1.361898422288612,24.01260138910159,0.9642529497342434,60.59457408047015
47,47,0.0,0.0,0.0,0.5006756036854201,16.832042700674165,0.6780973072742358,16.908670732321653,1.3302868935675989,8.917000750989622,1.2086169693030389,23.31306821660932
48,48,0.0,0.0,0.0,0.09601957754727156,16.573282682071355,0.4664299255789691,18.150707330094615,-0.16252834577650033,15.829926688835542,1.2657481006818525,13.297271007801804
49,49,0.0,0.0,0.0,-0.15903130807775825,16.816895133061607,-0.9132726635550724,19.296954585307496,0.7722730170539962,14.295445741698732,1.1626242228063721,32.84394879892875
50,50,0.0,0.0,0.0,1.074510605941366,7.740226959896432,-0.7955786455858846,8.952917295395759,-1.062073122621619,20.026516182094017,1.095123146285509,48.93093725459179
51,51,0.0,0.0,0.0,1.4108966526778106,24.405133705672068,0.5476556591547281,10.645921385084668,1.3287361954398145,20.4331413378434,1.1643647498182024,32.559417401902735
52,52,0.0,0.0,0.0,1.4033588354027238,20.613079240691235,0.6101955045900967,25.292383688057065,0.8298408940844443,12.068847229801323,1.2706545953874628,32.683152955838075
53,53,0.0,0.0,0.0,-1.1160569236733544,6.406287357719068,-0.4202174404785113,17.85032316795144,-1.4263623254611206,22.85854970127133,1.1239826576025085,40.92700605099113
54,54,0.0,0.0,0.0,-1.1740715998725062,19.59507714784511,-0.9511998623801096,23.859321454048835,-0.9094969895676244,15.475358616534734,1.2258812414442408,18.09570203258021
55,55,0.0,0.0,0.0,1.3046552842223775,29.06590812761013,1.5511945075235012,19.580045911318788,-1.2176417252308744,12.627862948126682,1.1861101372559304,55.807279287265644
56,56,0.0,0.0,0.0,0.0,13.940260379562652,0.0,15.707963267948966,0.939657197240786,15.707963267948966,1.273283018963402,20.047978290254115
57,57,0.0,0.0,0.0,0.14361300419900735,22.96212020426444,-1.229947144441339,14.520081409887116,0.04219314842966573,19.255896974180526,1.3281039063383309,31.86628156022573
58,58,0.0,0.0,0.0,0.4028463197741077,19.736426465690037,0.4028463197741077,13.348686097666814,-0.4028463197741077,19.736426465690037,1.2519488194216493,24.34190871455133
59,59,0.0,0.0,0.0,-1.4300883845058645,24.46930772162174,-1.2360442273107677,11.429102020295336,1.0304075793122778,5.361337144970944,1.0157442023165637,59.13016161150505
60,60,0.0,0.0,0.0,0.16792280211842858,28.713524272275173,0.7697455208134781,23.1632335934806,0.06452165280025779,30.296589894310355,1.3653330814896891,19.94054771161479
61,61,0.0,0.0,0.0,1.3731876319326028,9.204702038996773,-1.2724809716575851,3.901081763717373,0.7357058934292064,10.691917507843607,1.100404290240508,44.73081885075722
62,62,0.0,0.0,0.0,-1.3715112020057432,22.305424944864612,1.4110466455875743,6.791694599983622,1.406563459321799,7.743510913576951,1.040113859951755,50.48532706452604
63,63,0.0,0.0,0.0,1.4692902101060503,21.416116896058515,1.4429254260202748,24.04694535499691,1.1181442935643948,23.692705060814767,1.201998662610943,10.066681579012217
64,64,0.0,0.0,0.0,-0.2663570509724913,11.09345077375206,1.1462706265292837,8.138491734005273,1.2701942115954887,20.468574878846567,1.1608086632119232,42.46929504544768
65,65,0.0,0.0,0.0,-1.435915188255331,19.76445933189217,-1.3725476053353936,22.680877368182692,-0.8509371644081487,25.345597170873628,1.2487908244747927,16.81459548997099
66,66,0.0,0.0,0.0,-1.4416837311147428,5.431700373602357,1.3395250340559948,23.12090915838843,1.5381808107604258,9.493146054669467,0.96945569143589,60.574153794838494
67,67,0.0,0.0,0.0,-1.3633952672761218,14.719264940967227,-1.255701518266332,22.992653298276768,1.4543677462051419,23.55086852114519,1.049320566237914,49.5114705637184
68,68,0.0,0.0,0.0,0.42108043673543216,20.819563287891658,0.6237471980920399,22.88618973720676,1.5232261984579436,11.859483768923043,1.2889307936947787,30.71645969732122
69,69,0.0,0.0,0.0,-0.780944327004938,12.631491772764205,-1.1437405612610818,30.80213640253201,0.17823319587799968,18.185435849698692,1.3006561302121544,46.90087599463328
70,70,0.0,0.0,0.0,-1.4817567415456747,5.699855531793848,-0.8075910707928364,15.799815157943303,1.4829789274397005,22.13703736435332,0.9964666809981706,57.1881742933905
71,71,0.0,0.0,0.0,-1.3632885339411986,6.494076080537798,-1.1287908101167727,21.57843427260055,1.0193350010781326,25.78435430689756,1.0154717200859895,60.124677958329286
72,72,0.0,0.0,0.0,0.4051183794474954,9.031520159026703,0.7650610633529147,18.48753957173171,1.5099647321593317,31.41592653589793,0.9132761457913748,49.669826346302116
73,73,0.0,0.0,0.0,1.3709926995736608,9.307161572439815,-1.4089058118414732,26.14661475477255,1.0045345952937008,20.30476589826758,1.0144106409143474,57.06290990654782
74,74,0.0,0.0,0.0,-1.3785701771981935,24.656666731668786,-1.06632597784924,11.966864331182634,0.9391537368769024,21.96837921721355,1.047378252876208,51.19078812676462
75,75,0.0,0.0,0.0,-1.3632885503313987,11.187087089023738,-1.2666433772709045,21.58552457163885,1.4435253712341147,25.775990802778463,1.022919804074795,54.95430621740422
76,76,0.0,0.0,0.0,-1.5707963267948966,7.876426014462434,1.2959172484719688,19.02554572744989,-1.5707963267948966,15.941189995877911,1.096359793486892,50.847936801777436
77,77,0.0,0.0,0.0,-1.254251390842584,8.675823065231548,1.4281354447671657,11.164889124709923,1.4389056608834534,27.79176976821585,0.9895145363908244,63.56727832957254
78,78,0.0,0.0,0.0,1.1615743211152518,24.37254849761358,1.4288118403716024,25.535269467249226,1.342820954855012,19.166587622255726,1.1619651881149178,14.845147612199092
79,79,0.0,0.0,0.0,-1.3027115828267894,1.378247465191072,-0.5038630801375685,11.383577398692214,-1.1734434454466318,16.383600447150325,1.2734384782680934,35.991013945570906
80,80,0.0,0.0,0.0,0.4066794009195712,31.35039313624981,0.06378943984630114,14.000703059776109,-0.42470754456189785,31.362658684570505,1.4853976166607932,43.78156424339127
81,81,0.0,0.0,0.0,1.4645824987552618,21.578438493869342,1.246742734049162,11.002530836541634,1.4800375810600397,7.1325052004037275,1.0928061332916956,29.759914060959506
82,82,0.0,0.0,0.0,-1.290765312875977,19.021092093744162,0.8655802150992158,18.28318222873331,-0.738966372271899,9.63011942517309,1.1309595985377494,45.275979714500686
83,83,0.0,0.0,0.0,-1.4837853312165212,6.345840060677931,-0.9092062130493492,15.825063207524279,1.3864172332957048,7.701216572798089,1.0230340318030329,50.871439000060526
84,84,0.0,0.0,0.0,-1.3632885339411986,7.014991813206017,-1.1746830090575884,17.12079585209025,1.4431084247374486,24.989267762316285,0.9835500069975852,57.82105344872478
85,85,0.0,0.0,0.0,-0.939857031379798,20.487306143898273,1.0121373419351016,15.707963267948966,1.3323637409390463,15.707963267948966,1.1725455394443822,39.18858942781026
86,86,0.0,0.0,0.0,-0.6386492483582622,14.9100132111667,-1.5707963267948966,29.01447927536888,0.48544670621778,11.553833758937536,1.1399459404508667,52.35698942103876
87,87,0.0,0.0,0.0,-1.429635591851533,22.769241292705768,1.0981499329835576,25.40004812775704,1.4492788373647634,19.32140526959297,1.081813904406195,46.38232548687614
88,88,0.0,0.0,0.0,-1.1217180770075086,11.202767840125759,-0.2943110188877087,12.850585376765043,-1.073389174120524,15.707963267948966,1.241313514513676,20.85316849637113
89,89,0.0,0.0,0.0,-1.3380540315674885,6.3019609937270795,0.955058469126014,21.57843427260055,0.9912240101943212,27.84624945966589,1.1187575161133572,58.37515802649372
90,90,0.0,0.0,0.0,1.5213641525457424,15.486835563588365,0.1190829150554984,25.68186144828353,0.3273813937506186,14.086849206929813,1.4388558592266456,39.55361018354153
91,91,0.0,0.0,0.0,0.6062994638696309,23.79398355531345,0.7039732555157199,19.938854190432032,-0.6730164861748958,20.6598461719858,1.2006019926816671,29.04775551131909
92,92,0.0,0.0,0.0,-1.3951481224652982,24.63556170864781,0.5827624890067168,11.099981143059047,-1.0817888991123237,15.318016424866528,1.0947475168509069,46.708930700389786
93,93,0.0,0.0,0.0,-0.574328852363475,8.94874035783554,-0.3148176092711885,22.300144824887845,-1.0089698071813462,6.237005327496883,1.31713264046469,36.13827177706583
94,94,0.0,0.0,0.0,1.5693433213277874,21.895136599522978,-0.8728411859345667,5.172933052193764,-0.3852444210948813,17.68181486329744,1.1572580914790895,55.66798655625936
95,95,0.0,0.0,0.0,1.5707963267948966,0.0,1.5707963267948966,0.0,-1.5707963267948966,31.41592653589793,0.7905589807966991,74.48383556474347
96,96,0.0,0.0,0.0,0.3670464325071308,25.787098951623047,0.4553351400301868,13.231080999708347,1.4284757199437592,30.30382940617218,1.3613122276634408,43.13825797158788
97,97,0.0,0.0,0.0,1.3321151584912685,19.694329528032288,1.4397889308621767,27.79590380435382,-1.2919933642327823,9.238265409487962,1.0262493468711822,57.13148499270286
98,98,0.0,0.0,0.0,-0.1972643153995055,12.067664197254672,-0.2741585280595398,9.219945035270516,-0.2647066495355297,10.468310828377726,1.3435767010243884,5.93728326473231
99,99,0.0,0.0,0.0,1.464631503855942,5.33012666291655,-1.3211790809157846,12.36914245200407,1.4852796397055834,25.032353949730965,0.9688352998122138,64.04405548917397
100,0,22.973000049591064,22.67700004577637,0.1790001392364502,3.1415926535897927,12.56637061435917,-3.1415926535897927,0.0,3.1415926535897927,0.0,1.3286118599338164,25.132741228718352
101,1,14.990000009536743,14.990000009536743,0.0,3.1415926535897927,0.0,3.1415926535897927,0.0,-3.1415926535897927,12.56637061435917,1.328611859934128,25.13274122871834
102,2,15.024999856948853,15.024999856948853,0.0,-3.1415926535897927,0.0,3.1415926535897927,12.56637061435917,-3.1415926535897927,0.0,1.328611859933951,25.13274122871834
103,3,15.172000169754028,15.172000169754028,0.0,3.1415926535897927,12.56637061435917,-3.1415926535897927,10.339739463657061,-3.1415926535897927,0.0,1.328525046357184,25.13274122871834
104,4,15.055999994277954,15.055999994277954,0.0,-3.1415926535897927,12.56637061435917,3.1415926535897927,0.0,-3.1415926535897927,0.035503267849867334,1.3285985104920153,25.13274122871834
105,5,14.268999814987184,14.268999814987184,0.0,3.1415926535897927,0.0,-3.1415926535897927,5.965502192720822,3.1415926535897927,12.56637061435917,1.3281375442301195,25.13274122871834
106,6,14.922000169754028,14.922000169754028,0.0,3.1415926535897927,0.0,-3.1415926535897927,12.56637061435917,-3.1415926535897927,4.578965666201913,1.3280381723715418,25.13274122871834
107,7,14.513000011444092,14.513000011444092,0.0,-3.13063009661264,3.209160257798779,-3.13063009661264,0.0,-3.140962628255611,12.277357543802,1.327893883866054,24.555738498033794
108,8,15.384999990463257,15.384999990463257,0.0,-3.1402781368581256,0.0,3.1376151317707417,3.152639262866692,3.1415926535897927,12.539610059048377,1.3280272292079522,25.079755406955247
109,9,14.869999885559082,14.869999885559082,0.0,-3.1415926535897927,12.56637061435917,-0.8420141453356575,10.35020341356612,3.1415926535897927,0.0,1.2584136113690405,51.93774816855135
110,10,14.53499984741211,14.53499984741211,0.0,-3.1415926535897927,3.856808236736585,-3.1415926535897927,12.56637061435917,3.1415926535897927,0.0,1.3279956904791983,25.13274122871834
111,11,15.269000053405762,15.269000053405762,0.0,3.1415926535897927,0.0,3.1387825123614546,12.56637061435917,2.9837946591814277,10.455406250490483,1.328858001272001,25.75788880966041
112,12,14.896000146865845,14.896000146865845,0.0,3.0893841248311604,0.0,1.437714290554594,6.1932664466107274,-3.139297398485493,0.0,1.199627339801865,32.788001751857834
113,13,15.257999897003176,15.257999897003176,0.0,3.1415926535897927,5.648715292191566,3.1415926535897927,0.0,3.1415926535897927,0.0,1.3246612371458957,11.297430584383132
114,14,14.986000061035154,14.986000061035154,0.0,-3.1415926535897927,8.884302463797162,3.1415926535897927,12.56637061435917,-3.1413794993253776,0.003792761408321285,1.3284435313998741,25.12515614254692
115,15,14.38100004196167,14.38100004196167,0.0,-3.1415926535897927,8.889461152372764,3.1415926535897927,12.56637061435917,-3.1415926535897927,0.0011416571436809186,1.328444321011517,25.130457914430984
116,16,14.421000003814695,14.421000003814695,0.0,-3.1415926535897927,0.0,-3.1415926535897927,10.591091535369708,3.1399659860283937,8.374890765719968,1.3273149744693271,21.182258565233468
117,17,14.57099986076355,14.57099986076355,0.0,-3.1415926535897927,0.0,-3.1415926535897927,10.519216398218472,3.1415926535897927,8.402843532599348,1.3272727171561058,21.038432796436936
118,18,15.121000051498413,15.121000051498413,0.0,3.1415926535897927,0.0,3.1415926535897927,12.56637061435917,3.1415926535897927,0.0,1.3286118599333747,25.13274122871834
119,19,15.113999843597412,15.113999843597412,0.0,3.1361099458760764,6.417915402489814,3.1413297893978975,0.007424059856229769,-3.0726572585670215,6.147673355834577,1.3248948674959269,13.38137502530246
120,20,14.849999904632568,14.849999904632568,0.0,3.1415926535897927,6.473909462793917,3.1415926535897927,0.0,-3.1415926535897927,5.99809815790719,1.3249928737107202,12.947818925587834
121,21,15.214999914169312,15.214999914169312,0.0,3.1119469165943814,6.474359493039363,3.1415926535897927,0.0204243014126598,-3.1415926535897927,6.39584109770454,1.325004222185154,13.142825362901005
122,22,15.57800006866455,15.57800006866455,0.0,3.121743619178043,6.491451848608088,3.1415926535897927,0.026877307209450696,-3.083271141900096,6.129177890840854,1.3249110895883152,13.459111321894481
123,23,14.851999998092651,14.851999998092651,0.0,2.6853408573283355,7.72989886999695,1.308395039633569,0.6923567375308712,1.763844409640025,5.286943241827877,1.3320427004442577,30.18950708159503
124,24,14.97000002861023,14.97000002861023,0.0,0.16292393101401376,12.555075406684502,3.1397194349624216,4.023960003273597,3.1415926535897927,2.0672098194138178,1.2975621995427669,46.162303102805225
125,25,14.634999990463257,14.634999990463257,0.0,2.6811885612096,8.084588931702115,1.4407584556245887,0.8603617919456017,1.7798552200570916,5.011547667329925,1.3389974413656278,28.273519871207647
126,26,14.560999870300293,14.560999870300293,0.0,2.5836525107627666,7.9289372614675795,1.3871543527146857,0.8173743126065103,1.976123083990587,5.163277002457921,1.3380964430234172,27.163193808123296
127,27,15.242000102996824,15.242000102996824,0.0,-3.0047148675113924,9.633862604163742,-3.1415926535897927,5.393030367086028,-3.1415926535897927,2.3651751996671537,1.3260254951606163,14.88002780986751
128,28,15.770999908447266,15.770999908447266,0.0,-3.1415926535897927,5.51720349782469,3.1411968689881538,5.971643363453435,-3.1414544435036684,12.566091879968829,1.3252821979227611,14.0977962965091
129,29,14.307000160217285,14.305999994277954,0.0010001659393310547,-3.1415926535897927,0.0,3.1415926535897927,6.652021285882849,3.1415926535897927,0.0,1.325148715708965,13.304042571765704
130,30,15.123999834060669,15.123999834060669,0.0,-3.1415926535897927,0.0,3.1415926535897927,6.633185659799586,3.1415926535897927,0.0,1.3251382676023509,13.266371319599171
131,31,14.670000076293945,14.670000076293945,0.0,-3.1415926535897927,0.0,3.1415926535897927,6.627184869062897,3.1415926535897927,0.0,1.325134947851034,13.254369738125794
132,32,14.523000001907349,14.523000001907349,0.0,-3.1415926535897927,0.0,3.1415926535897927,6.647082971663611,3.1415926535897927,0.0,1.32514597278616,13.294165943327222
133,33,15.04200005531311,15.04200005531311,0.0,3.1415926535897927,12.56637061435917,3.1415926535897927,0.0,-3.1415926535897927,12.56637061435917,1.3286118599342982,25.13274122871834
134,34,14.73199987411499,14.73199987411499,0.0,2.8820288894752215,7.171886300058688,2.5466442751017166,0.0,-3.077676411311334,1.9349678332675708,1.3308207328581716,20.811995915377707
135,35,14.690999984741213,14.690999984741213,0.0,2.744934651516836,6.946342481832754,1.6682548468802336,0.06439570436226771,-2.838638548724389,1.4396174819369552,1.0526766156180036,36.72075723471454
136,36,14.436000108718872,14.436000108718872,0.0,2.8119706237386013,7.053537715741752,1.7718991040435008,0.17915794491937784,-2.94934438697636,1.2186221926794645,1.1532303582480048,33.990804778311336
137,37,14.748999834060669,14.748999834060669,0.0,2.9803156337342323,8.790468939177417,2.6614994139838446,0.6283185307179586,-3.1415926535897927,1.5104344912924152,1.3293042478988075,21.050059323926025
138,38,14.6729998588562,14.6729998588562,0.0,2.7971885145820456,7.400606082914503,1.8166594672910348,0.12789407416267454,-2.9301448722901635,1.38353390337827,1.1822394557434124,33.995268647297515
139,39,14.194000005722046,14.192999839782715,0.0010001659393310547,2.1126942217659317,4.904603876432099,2.779040766962241,0.3594154903346468,-3.1262347180691314,0.7709764396480367,1.3056857396775248,22.54128103019795
140,40,14.59500002861023,14.59500002861023,0.0,2.827433388230814,7.219808551809473,3.1415926535897927,0.6702159189994514,-3.1415926535897927,0.16220715253169832,1.323860661558219,15.486513612592509
141,41,15.023000001907349,15.023000001907349,0.0,3.0593362324419497,7.780943385001525,2.414237973595826,0.11637735473896504,-3.1128140016436494,0.1837175000101153,1.331314343577485,25.007378884843522
142,42,15.42300009727478,15.42300009727478,0.0,3.1415926535897927,7.53939786671295,3.1415926535897927,0.0,-3.1415926535897927,0.0,1.3256213596304534,15.078795733425903
143,43,15.024999856948853,15.024999856948853,0.0,3.1415926535897927,7.283094129413007,3.1415926535897927,0.0,-3.1415926535897927,0.0,1.325488840127282,14.566188258826013
144,44,15.539000034332275,15.539000034332275,0.0,3.1415926535897927,7.876401903298646,3.1415926535897927,0.0,-3.1415926535897927,0.0,1.3258039723247672,15.752803806597294
145,45,15.842000007629395,15.842000007629395,0.0,3.04278397342492,6.283185307179585,1.6404949314597332,0.2573571580063714,-3.1415926535897927,0.015098492548016653,1.114755348739383,34.22805972402911
146,46,15.329999923706055,15.329999923706055,0.0,3.1415926535897927,8.04706482026176,2.3146987620241,0.0,-3.09920218927652,0.0,1.3310716120539443,27.85193596309821
147,47,16.085999965667725,16.085999965667725,0.0,2.9607101093582218,7.621721140556816,3.1415926535897927,1.3972171825519064,-3.1415926535897927,0.0,1.3250092307889612,15.711379912178819
148,48,15.023000001907349,15.023000001907349,0.0,3.1415926535897927,8.560597224289575,3.1415926535897927,0.0,-3.1415926535897927,0.0,1.3262159038510708,17.121194448579153
149,49,17.789999961853027,17.789999961853027,0.0,3.023280407529501,8.914251251339484,2.9041511487492944,0.4869459266640429,-3.1415926535897927,0.2366067081343551,1.3278027767656129,19.650858177073548
150,50,15.5239999294281,15.5239999294281,0.0,3.1415926535897927,8.640912399611425,2.616855539242137,0.0,-3.0675411240737303,0.0,1.3300957678133158,24.64980530397221
151,51,14.851999998092651,14.851999998092651,0.0,3.1415926535897927,9.09538837392775,3.1273514927281285,0.0,-3.1415926535897927,0.0,1.3266210601960775,18.334301975174515
152,52,16.64300012588501,16.64300012588501,0.0,3.1415926535897927,8.665695767034286,3.0737761471802667,0.0,-3.0479257029916473,0.0,1.3268702348728705,19.021395789137827
153,53,14.963000059127808,14.963000059127808,0.0,3.12471843470476,7.261580272336758,-0.2808411150112712,0.0,-3.1415926535897927,0.26172341770088675,1.4230942911805435,47.920813189288594
154,54,15.475000143051147,15.475000143051147,0.0,3.1415926535897927,9.096020943234523,3.1415926535897927,0.0,-3.0996049366238085,0.0,1.3267578287943358,18.62157251178369
155,55,15.41700005531311,15.41700005531311,0.0,3.111981690795806,7.373627608102425,0.6100385765495373,0.010545141500824223,-3.1215324803849533,0.20294685584406516,1.4125779335870163,46.68852759727449
156,56,14.832000017166138,14.832000017166138,0.0,3.1225807803619494,7.184471745260472,-0.3568591129303785,0.0,-3.1415926535897927,0.2260760630123659,1.4273936464641168,47.628345395572154
157,57,14.314000129699707,14.314000129699707,0.0,3.1415926535897927,8.321946305361672,1.941621389279511,0.0,-3.0935911678377876,0.0,1.2573961854741336,34.049029150980246
158,58,14.433000087738035,14.433000087738035,0.0,3.1415926535897927,7.959426381655638,0.0,0.08192234027681017,-3.1415926535897927,0.0,1.4205212756746537,49.45506042705083
159,59,15.815999984741213,15.815999984741213,0.0,2.1858828679676092,0.0,-3.1415926535897927,7.745617797535582,3.1415926535897927,0.15077014243456913,1.325520051901426,28.81809802816341
160,60,15.230999946594238,15.230999946594238,0.0,3.1415926535897927,5.302981743423278,-3.1128659911508967,10.349590994192136,-3.1415926535897927,11.088509003569026,1.3246608129422397,11.633095509376359
161,61,15.996999979019165,15.996999979019165,0.0,-3.1415926535897927,0.008541939291884848,3.1415926535897927,12.56637061435917,-3.1415926535897927,8.781099020222262,1.3284285514916971,25.115657350134573
162,62,15.480000019073485,15.480000019073485,0.0,-3.1415362166802883,8.040319566959818,-3.1415362166802883,0.0001128738190096095,3.141543059264937,0.5259894756448326,1.3257828601898265,16.08041453002955
163,63,14.736999988555908,14.736999988555908,0.0,-3.1376897206009384,8.192727076557377,-3.1415926535897927,0.0,3.1415926535897927,0.24321762414333745,1.3259307935997922,16.385642927902186
164,64,15.375999927520752,15.375999927520752,0.0,-3.1415926535897927,8.112088641268901,-3.1415926535897927,0.0,3.1415926535897927,0.0,1.3259398253081498,16.224177282537802
165,65,16.228999853134155,16.228999853134155,0.0,-3.1415926535897927,8.080989122653994,-3.1415926535897927,0.0,3.1415926535897927,0.0,1.3259212514427898,16.161978245307992
166,66,15.493000030517578,15.493000030517578,0.0,-3.1415926535897927,8.04382319501744,-3.1415926535897927,0.0,3.1415926535897927,0.4916444894317718,1.3257902353068738,16.08764639003488
167,67,14.575000047683716,14.575000047683716,0.0,-3.1415926535897927,8.084554892986214,-3.1415926535897927,0.0,3.1415926535897927,0.0,1.325923377196033,16.16910978597243
168,68,16.236999988555908,16.236999988555908,0.0,-3.1415926535897927,8.098378672562841,-3.1415926535897927,0.0,3.1415926535897927,0.0,1.3259316276624142,16.196757345125686
169,69,15.513000011444092,15.513000011444092,0.0,-3.1415926535897927,8.108089799218702,-3.1415926535897927,0.0,3.1415926535897927,0.0,1.3259374326908588,16.21617959843741
170,70,15.620999813079836,15.620999813079836,0.0,-3.1415926535897927,8.099765929929598,-3.1415926535897927,0.0,3.1415926535897927,0.0,1.325932456654749,16.1995318598592
171,71,15.549999952316284,15.549999952316284,0.0,3.1415926535897927,0.0,-3.1415926535897927,0.0013996534537298322,-3.1415926535897927,6.82991198786169,1.325249178105323,13.65982397572338
172,72,15.549999952316284,15.549999952316284,0.0,3.139687811570549,0.003809684038488376,3.1415926535897927,0.0,3.1415926535897927,7.062964640439304,1.3253891891538154,14.14157094733829
173,73,15.72000002861023,15.72000002861023,0.0,3.1415926535897927,0.0,3.1415926535897927,0.0,3.1415926535897927,7.105057945244496,1.325400129580703,14.210115890488991
174,74,15.181999921798706,15.181999921798706,0.0,3.1397918117217283,0.0036016837361293767,3.1415926535897927,0.0,3.1415926535897927,7.0362452707405625,1.3253756866893205,14.087276967954116
175,75,15.691999912261965,15.691999912261965,0.0,3.1415926535897927,0.0,1.7383932242178082,6.922301816149568,-2.4193027967519707,8.360783289700326,1.2370418204314513,43.12802964803217
176,76,15.746000051498413,15.746000051498413,0.0,3.1415926535897927,0.0,-3.1415926535897927,0.0,3.0440074275880824,0.0,1.3243736001145487,1.9509302021789476
177,77,15.200999975204468,15.200999975204468,0.0,0.9866318575957882,3.4564941044389914,-1.3088932080238216,0.0,3.1415926535897927,12.56637061435917,1.2059043800561755,58.63415838954276
178,78,16.67300009727478,16.67300009727478,0.0,3.1415926535897927,12.56637061435917,3.1415926535897927,9.951656069993305,-3.0817105513280088,4.504946157423618,1.3258497828499578,16.177861663544277
179,79,15.55999994277954,15.55999994277954,0.0,-3.1415926535897927,12.56637061435917,-3.1415926535897927,12.56637061435917,-3.1415926535897927,5.136300891510039,1.3254846762287158,14.860139445698268
180,80,15.896999835968018,15.896999835968018,0.0,-3.1415926535897927,12.56637061435917,-3.1342529523341183,12.56637061435917,-3.1415926535897927,4.808113797480108,1.325735966439879,15.59025765857086
181,81,17.44099998474121,17.44099998474121,0.0,2.9070508003810573,4.171133584914285,3.1312505466622067,6.140506513449045,3.1250980645932995,11.4080387919279,1.3246665994640194,15.805502550806937
182,82,16.1489999294281,16.1489999294281,0.0,2.9214260744394824,4.315610978794454,3.1415926535897927,6.071170748952183,3.1415926535897927,11.410942495975563,1.3246061800068378,15.579956561678125
183,83,15.571000099182127,15.571000099182127,0.0,-2.60091242251137,0.032226669459940745,3.1415926535897927,0.0,-3.1415926535897927,6.847869958315966,1.3291503931611697,20.848322513768718
184,84,15.761000156402588,15.761000156402588,0.0,-3.1415926535897927,6.210121766857219,3.1415926535897927,0.0,3.0235602973664766,9.023467085413989,1.3265531672251207,18.361018241251546
185,85,15.775000095367432,15.775000095367432,0.0,-3.1415926535897927,6.159143646353267,3.1415926535897927,0.0,3.1415926535897927,8.565847466893914,1.3259763540850749,17.131694933787827
186,86,15.06500005722046,15.06500005722046,0.0,-3.1377501920884705,6.016630314888368,3.13015709911717,0.005542090266952422,3.0385443546196447,8.727692762183182,1.3263375691223136,17.697116845261867
187,87,15.59500002861023,15.59500002861023,0.0,-3.1415926535897927,6.200473833498503,3.140755964568305,0.0,3.032401982893352,8.950181065781507,1.326483489410193,18.174319012774195
188,88,16.611000061035153,16.611000061035153,0.0,3.1415926535897927,8.471752117016694,-3.117939492166152,12.56637061435917,3.1415926535897927,0.0,1.3285883562300091,25.141792785478053
189,89,16.442000150680542,16.44099998474121,0.0010001659393310547,3.1399730378960906,8.984893335336976,-3.1399948248657226,12.54649299873048,3.1400253740260853,12.558636086764412,1.3242009857187165,7.169388290528466
190,90,15.449000120162964,15.449000120162964,0.0,3.1415926535897927,8.603675616892202,-3.1415926535897927,12.548518225976034,3.1306480022379186,12.56637061435917,1.324346039399337,8.019941130754434
191,91,16.522000074386597,16.522000074386597,0.0,3.1415926535897927,12.56637061435917,-3.1415926535897927,0.0,-3.1415926535897927,4.965477321131746,1.3280847292205806,25.13274122871834
192,92,15.403000116348267,15.403000116348267,0.0,2.827433388230814,8.946538229888713,-2.5607623104572714,1.3019762507772996,-2.574745016696978,4.095607191689785,1.3257202872994085,24.15520354680698
193,93,15.394000053405762,15.394000053405762,0.0,2.933027506490951,9.000504578494114,-2.7565510375333266,0.8629406787159237,-2.7658044543052447,4.211369363842119,1.3250154320505922,20.8628576295147
194,94,15.493000030517578,15.493000030517578,0.0,2.8542690919340643,8.915842220912948,-2.544225561966025,1.4181765468969272,-2.588107805523413,4.608323805311739,1.326346364582792,23.829835203668093
195,95,15.329999923706055,15.329999923706055,0.0,3.1415926535897927,9.874920433428766,-2.9016700071938235,0.6060865104350223,-2.914250178665049,4.431247272259414,1.3268113532402444,19.297549158801388
196,96,14.985999822616575,14.985999822616575,0.0,2.958687053873528,9.188330459851768,-2.79083365718012,0.7765719756080957,-2.8045883293969456,4.286423600802391,1.3250210658186017,20.54391642819252
197,97,16.746000051498413,16.746000051498413,0.0,2.806495227577433,9.096562878925004,-2.64082942988628,1.208170282097282,-2.6049060132800905,4.2188883624015805,1.3242639321732692,24.102919831657662
198,98,15.559000015258787,15.559000015258787,0.0,2.8132834185852174,9.215800505234524,-2.6169319500280106,1.2378622162470647,-2.589452064512529,4.343964485009602,1.32468948718775,24.428631535679074
199,99,15.175000190734865,15.175000190734865,0.0,2.9373506851914573,9.064487503404376,-2.763981850192629,0.8464438951459392,-2.7730723204121537,4.236201377087851,1.3249983493345667,20.845055514126912
200,100,15.456000089645386,15.456000089645386,0.0,2.812121058366031,9.20393800186514,-2.6150744185748307,1.2422447971908497,-2.587497242083813,4.3417640540762115,1.32468350887772,24.45041346900417
201,101,15.103999853134155,15.103999853134155,0.0,3.1415926535897927,10.155703024558829,-3.1415926535897927,0.0,-3.1415926535897927,4.498309034005663,1.3267109491538038,20.311406049117657
202,102,15.968999862670898,15.968999862670898,0.0,3.1415926535897927,10.450957407167074,-3.1016066787051635,0.21133872576833124,-3.1415926535897927,4.427438417078542,1.3269861860655403,20.505957278449323
203,103,15.562000036239624,15.562000036239624,0.0,3.1415926535897927,10.01334504041748,-3.1415926535897927,0.0,-3.1415926535897927,5.279307572654913,1.3267013089973798,20.02669008083496
204,104,15.901999950408936,15.901999950408936,0.0,2.9762776562012814,8.447755166338974,3.1415926535897927,12.547994904467366,-2.968755870035695,12.065453309127113,1.3256331424350365,11.15368590883762
205,105,15.062999963760376,15.062999963760376,0.0,3.1415926535897927,12.56637061435917,3.1415926535897927,10.817904815174034,3.1415926535897927,0.0,1.3285589545355756,25.13274122871834
206,106,15.405999898910522,15.405999898910522,0.0,3.1415926535897927,12.56637061435917,3.1415926535897927,10.998584388965668,3.1415926535897927,0.003108097457970977,1.32857091502216,25.126525033802398
207,107,15.96399998664856,15.96399998664856,0.0,3.1353297922060657,12.56637061435917,3.1415926535897927,10.919875316674498,3.1415926535897927,0.0,1.3286193721055906,25.134087976776808
208,108,15.552000045776367,15.552000045776367,0.0,2.8498462308350216,7.3708944715053715,2.83263575007465,6.4911016495658185,-3.1415926535897927,8.928983163092154,1.322416745401403,8.120747586712152
209,109,15.49399995803833,15.49399995803833,0.0,-3.1415926535897927,0.0,-3.1177526625626713,7.113277154065957,-3.1415926535897927,10.944333066643212,1.3274601791647809,21.90006987022933
210,110,15.743000030517578,15.743000030517578,0.0,-3.1415861523939377,0.0004582317491370006,-3.1410749241459084,7.126767050390381,-3.1408427589873416,11.334443339725587,1.3276326705029975,22.66797512813456
211,111,15.192000150680542,15.192000150680542,0.0,-3.1415926535897927,0.02903535441499252,-3.1415926535897927,7.184089402713663,-3.1415926535897927,11.156221742870233,1.327522903160793,22.254372776910483
212,112,15.550999879837036,15.550999879837036,0.0,-2.6333851857611053,3.0775418436021726,-2.9265928366608973,10.934367297683174,-2.9397385904541813,11.298761141927198,1.3268240357853005,17.539118200325
213,113,15.555000066757202,15.555000066757202,0.0,-2.6265922726201376,1.496214779620522,-3.094954658942956,10.988803980002034,-2.827433388230814,10.736814606620836,1.3315023727395776,22.701083295941892
214,114,15.499000072479248,15.499000072479248,0.0,-2.629341001557917,1.8958532985575929,-3.0799257514776053,10.992775399763932,-2.8654262436366884,10.723871107359344,1.33000057715135,21.429402243240197
215,115,14.680999994277954,14.680999994277954,0.0,-2.6235905602821665,1.9019998249188304,-3.093196903325944,10.824528346885923,-2.8967754892509134,10.296702899670258,1.3290749538013271,20.91916526830988
216,116,15.955999851226807,15.955999851226807,0.0,-2.62923911520113,2.1402573514625334,-2.9492562429507028,10.969408092853806,-3.1399362034470086,10.191609761070037,1.3282595557312205,20.94815963123049
217,117,16.906000137329098,16.906000137329098,0.0,-2.6071805603326883,1.3935104652985852,-2.7654643365283342,11.374513007209934,-3.038320768547372,11.28669731687726,1.3338954788326176,23.605548624069424
218,118,15.61899995803833,15.61899995803833,0.0,-2.4519667327240406,2.2207967431070434,-2.579876903013151,11.300945245821712,-2.778590644376681,10.776381194257649,1.3366737378074167,20.374421343298366
219,119,15.848000049591064,15.848000049591064,0.0,-2.6234448548079303,1.514673694407522,-3.0982503791791416,10.984834946676884,-2.8496337648994343,10.692413853283597,1.3310485190851535,22.522067938716546
220,120,15.627999782562256,15.627999782562256,0.0,-3.1046927317958684,4.750581562775442,3.1415926535897927,5.995882972586429,-3.1415926535897927,0.1221540980531396,1.324625172827166,11.81565558769299
221,121,16.105999946594242,16.105999946594242,0.0,-3.123917743323452,0.0,-3.1415926535897927,7.820484563857175,-3.0940675129085684,0.0,1.3260242571631862,15.955881887592197
222,122,15.586999893188475,15.586999893188475,0.0,0.3746674949262825,5.834337249449544,-3.1415926535897927,11.7140691542607,-3.1415926535897927,0.0,1.3855721670254115,52.722907165630424
223,123,16.456000089645386,16.456000089645386,0.0,-3.1387845647566968,4.336027680850728,-2.8518480780985533,6.194331625587442,3.1415926535897927,12.556192163567687,1.3253357575024058,18.616930173224247
224,124,15.55299997329712,15.55299997329712,0.0,-3.1415926535897927,4.4627085639221855,-2.79713378198262,6.074113745046026,3.1415926535897927,12.563463057462034,1.3251756409820148,19.22716543651065
225,125,14.811999797821045,14.811999797821045,0.0,-3.1415926535897927,4.348359075554273,-2.8288122136481917,6.11312682523196,3.129887838369436,12.563188808187258,1.325387466475148,19.009793116036374
